month,fid,ndvi_mean,n_scenes
2025-01,13,0.4458,6
2025-01,2,0.5117,6
2025-02,13,,6
2025-02,2,0.5414,6
2025-03,13,0.6986,7
2025-03,2,0.584,7
2025-04,13,0.5944,7
2025-04,2,0.6799,7
2025-05,13,0.7084,12
2025-05,2,0.6501,12
2025-06,13,0.2844,9
2025-06,2,0.5898,9
2025-07,13,0.732,19
2025-07,2,0.5843,19
2025-08,13,0.6237,15
2025-08,2,0.4703,15
2025-09,13,0.4517,16
2025-09,2,0.3945,16
2025-10,13,0.3608,17
2025-10,2,0.366,17
2025-11,13,0.2943,17
2025-11,2,0.3537,17
2025-12,13,0.2719,13
2025-12,2,0.35,13
2026-01,13,0.1871,8
2026-01,2,0.3566,8
2026-02,13,0.1585,10
2026-02,2,0.438,10
2026-03,13,0.2463,4
2026-03,2,0.5959,4
2026-04,13,0.2821,3
2026-04,2,0.5789,3
2026-05,13,0.1997,11
2026-05,2,0.6209,11
2026-06,13,0.1334,16
2026-06,2,0.5546,16
2026-07,13,0.0835,16
2026-07,2,0.253,16
2026-08,13,0.0673,16
2026-08,2,0.093,16
2026-09,13,0.0662,14
2026-09,2,0.0734,14
2026-10,13,0.039,4
2026-10,2,0.0577,4
